Tipo,Região,Vendedor,Mês,Ano,Preço
Eva,Fraiburgo,produtor,1,2014,595.0
Eva,Fraiburgo,produtor,1,2015,475.5
Eva,Fraiburgo,produtor,1,2016,375.5
Eva,Fraiburgo,produtor,1,2017,665.33
Eva,Fraiburgo,produtor,1,2019,599.33
Eva,Fraiburgo,produtor,1,2022,94.66
Eva,Fraiburgo,produtor,1,2023,739.25
Eva,Fraiburgo,produtor,12,2014,332.0
Eva,Fraiburgo,produtor,12,2015,505.33
Eva,Fraiburgo,produtor,12,2022,474.5
Eva,São Joaquim,produtor,1,2016,130.0
Eva,São Joaquim,produtor,12,2015,390.0
Eva,São Paulo (capital),atacado,1,2014,685.17
Eva,São Paulo (capital),atacado,1,2015,484.84000000000003
Eva,São Paulo (capital),atacado,1,2016,281.25
Eva,São Paulo (capital),atacado,1,2017,439.67
Eva,São Paulo (capital),atacado,1,2018,50.0
Eva,São Paulo (capital),atacado,1,2019,140.0
Eva,São Paulo (capital),atacado,1,2020,407.5
Eva,São Paulo (capital),atacado,1,2021,554.34
Eva,São Paulo (capital),atacado,1,2022,231.66
Eva,São Paulo (capital),atacado,12,2014,358.17
Eva,São Paulo (capital),atacado,12,2015,276.5
Eva,Vacaria,produtor,1,2014,595.16
Eva,Vacaria,produtor,1,2015,300.5
Eva,Vacaria,produtor,12,2014,263.0
Eva,Vacaria,produtor,12,2015,128.0
Fuji,Fraiburgo,produtor,1,2008,102.0
Fuji,Fraiburgo,produtor,1,2009,144.32999999999998
Fuji,Fraiburgo,produtor,1,2010,480.17
Fuji,Fraiburgo,produtor,1,2011,467.15999999999997
Fuji,Fraiburgo,produtor,1,2012,539.66
Fuji,Fraiburgo,produtor,1,2013,580.0
Fuji,Fraiburgo,produtor,1,2014,431.33
Fuji,Fraiburgo,produtor,1,2015,285.5
Fuji,Fraiburgo,produtor,1,2019,756.0
Fuji,Fraiburgo,produtor,1,2022,376.65999999999997
Fuji,Fraiburgo,produtor,3,2008,19.0
Fuji,Fraiburgo,produtor,3,2011,364.0
Fuji,Fraiburgo,produtor,3,2012,194.5
Fuji,Fraiburgo,produtor,3,2013,558.49
Fuji,Fraiburgo,produtor,3,2015,282.5
Fuji,Fraiburgo,produtor,3,2018,95.0
Fuji,Fraiburgo,produtor,3,2019,107.5
Fuji,Fraiburgo,produtor,3,2020,257.0
Fuji,Fraiburgo,produtor,3,2021,298.47
Fuji,Fraiburgo,produtor,3,2022,202.0
Fuji,Fraiburgo,produtor,3,2023,202.0
Fuji,Fraiburgo,produtor,4,2008,287.0
Fuji,Fraiburgo,produtor,4,2010,228.0
Fuji,Fraiburgo,produtor,4,2011,447.67
Fuji,Fraiburgo,produtor,4,2012,357.35
Fuji,Fraiburgo,produtor,4,2013,634.66
Fuji,Fraiburgo,produtor,4,2014,690.5
Fuji,Fraiburgo,produtor,4,2015,694.5
Fuji,Fraiburgo,produtor,4,2016,706.33
Fuji,Fraiburgo,produtor,4,2017,175.5
Fuji,Fraiburgo,produtor,4,2018,224.32999999999998
Fuji,Fraiburgo,produtor,4,2019,395.98
Fuji,Fraiburgo,produtor,4,2020,840.87
Fuji,Fraiburgo,produtor,4,2021,562.06
Fuji,Fraiburgo,produtor,4,2022,720.17
Fuji,Fraiburgo,produtor,4,2023,1121.75
Fuji,Fraiburgo,produtor,5,2008,253.2
Fuji,Fraiburgo,produtor,5,2009,204.0
Fuji,Fraiburgo,produtor,5,2010,301.08
Fuji,Fraiburgo,produtor,5,2011,444.75
Fuji,Fraiburgo,produtor,5,2012,233.0
Fuji,Fraiburgo,produtor,5,2013,770.83
Fuji,Fraiburgo,produtor,5,2014,882.42
Fuji,Fraiburgo,produtor,5,2015,627.08
Fuji,Fraiburgo,produtor,5,2016,446.83
Fuji,Fraiburgo,produtor,5,2017,525.6800000000001
Fuji,Fraiburgo,produtor,5,2018,483.85
Fuji,Fraiburgo,produtor,5,2019,591.17
Fuji,Fraiburgo,produtor,5,2020,438.0
Fuji,Fraiburgo,produtor,5,2021,377.5
Fuji,Fraiburgo,produtor,5,2022,701.47
Fuji,Fraiburgo,produtor,5,2023,817.0
Fuji,Fraiburgo,produtor,6,2008,252.43
Fuji,Fraiburgo,produtor,6,2009,422.5
Fuji,Fraiburgo,produtor,6,2010,337.51
Fuji,Fraiburgo,produtor,6,2011,551.52
Fuji,Fraiburgo,produtor,6,2012,97.0
Fuji,Fraiburgo,produtor,6,2013,635.92
Fuji,Fraiburgo,produtor,6,2014,642.6800000000001
Fuji,Fraiburgo,produtor,6,2015,663.25
Fuji,Fraiburgo,produtor,6,2016,1208.18
Fuji,Fraiburgo,produtor,6,2017,686.63
Fuji,Fraiburgo,produtor,6,2018,564.6
Fuji,Fraiburgo,produtor,6,2019,468.0
Fuji,Fraiburgo,produtor,6,2020,639.05
Fuji,Fraiburgo,produtor,6,2021,494.67
Fuji,Fraiburgo,produtor,6,2022,865.5699999999999
Fuji,Fraiburgo,produtor,6,2023,1071.59
Fuji,Fraiburgo,produtor,7,2008,293.94
Fuji,Fraiburgo,produtor,7,2009,533.34
Fuji,Fraiburgo,produtor,7,2010,470.83
Fuji,Fraiburgo,produtor,7,2011,478.23
Fuji,Fraiburgo,produtor,7,2012,378.62
Fuji,Fraiburgo,produtor,7,2013,634.8
Fuji,Fraiburgo,produtor,7,2014,789.41
Fuji,Fraiburgo,produtor,7,2015,849.84
Fuji,Fraiburgo,produtor,7,2016,1101.0
Fuji,Fraiburgo,produtor,7,2017,548.65
Fuji,Fraiburgo,produtor,7,2018,435.78
Fuji,Fraiburgo,produtor,7,2019,665.81
Fuji,Fraiburgo,produtor,7,2020,905.4300000000001
Fuji,Fraiburgo,produtor,7,2021,596.33
Fuji,Fraiburgo,produtor,7,2022,742.34
Fuji,Fraiburgo,produtor,7,2023,426.5
Fuji,Fraiburgo,produtor,8,2008,252.14
Fuji,Fraiburgo,produtor,8,2009,405.67
Fuji,Fraiburgo,produtor,8,2010,424.93
Fuji,Fraiburgo,produtor,8,2011,507.69
Fuji,Fraiburgo,produtor,8,2012,648.43
Fuji,Fraiburgo,produtor,8,2013,1065.24
Fuji,Fraiburgo,produtor,8,2014,607.47
Fuji,Fraiburgo,produtor,8,2015,706.91
Fuji,Fraiburgo,produtor,8,2016,1100.82
Fuji,Fraiburgo,produtor,8,2017,706.26
Fuji,Fraiburgo,produtor,8,2018,836.47
Fuji,Fraiburgo,produtor,8,2019,990.42
Fuji,Fraiburgo,produtor,8,2020,860.38
Fuji,Fraiburgo,produtor,8,2021,467.42
Fuji,Fraiburgo,produtor,8,2022,819.01
Fuji,Fraiburgo,produtor,8,2023,1113.34
Fuji,Fraiburgo,produtor,9,2008,274.46
Fuji,Fraiburgo,produtor,9,2009,423.93
Fuji,Fraiburgo,produtor,9,2010,598.29
Fuji,Fraiburgo,produtor,9,2011,677.85
Fuji,Fraiburgo,produtor,9,2012,546.02
Fuji,Fraiburgo,produtor,9,2013,790.7
Fuji,Fraiburgo,produtor,9,2014,640.29
Fuji,Fraiburgo,produtor,9,2015,737.74
Fuji,Fraiburgo,produtor,9,2016,1387.12
Fuji,Fraiburgo,produtor,9,2017,568.52
Fuji,Fraiburgo,produtor,9,2018,567.6800000000001
Fuji,Fraiburgo,produtor,9,2019,814.76
Fuji,Fraiburgo,produtor,9,2020,994.53
Fuji,Fraiburgo,produtor,9,2021,654.9
Fuji,Fraiburgo,produtor,9,2022,1041.99
Fuji,Fraiburgo,produtor,9,2023,922.0
Fuji,Fraiburgo,produtor,10,2008,363.17
Fuji,Fraiburgo,produtor,10,2009,548.92
Fuji,Fraiburgo,produtor,10,2010,511.19
Fuji,Fraiburgo,produtor,10,2011,553.83
Fuji,Fraiburgo,produtor,10,2012,579.3
Fuji,Fraiburgo,produtor,10,2013,1016.33
Fuji,Fraiburgo,produtor,10,2014,814.89
Fuji,Fraiburgo,produtor,10,2015,1018.5
Fuji,Fraiburgo,produtor,10,2016,1089.72
Fuji,Fraiburgo,produtor,10,2017,608.89
Fuji,Fraiburgo,produtor,10,2018,516.8
Fuji,Fraiburgo,produtor,10,2019,1044.08
Fuji,Fraiburgo,produtor,10,2020,558.0
Fuji,Fraiburgo,produtor,10,2021,455.77
Fuji,Fraiburgo,produtor,10,2022,797.34
Fuji,Fraiburgo,produtor,10,2023,240.5
Fuji,Fraiburgo,produtor,11,2008,287.56
Fuji,Fraiburgo,produtor,11,2009,437.77
Fuji,Fraiburgo,produtor,11,2010,517.79
Fuji,Fraiburgo,produtor,11,2011,564.29
Fuji,Fraiburgo,produtor,11,2012,729.75
Fuji,Fraiburgo,produtor,11,2013,843.5
Fuji,Fraiburgo,produtor,11,2014,631.51
Fuji,Fraiburgo,produtor,11,2015,909.6800000000001
Fuji,Fraiburgo,produtor,11,2016,1121.8
Fuji,Fraiburgo,produtor,11,2017,620.08
Fuji,Fraiburgo,produtor,11,2018,624.33
Fuji,Fraiburgo,produtor,11,2019,878.16
Fuji,Fraiburgo,produtor,11,2021,452.5
Fuji,Fraiburgo,produtor,11,2022,834.83
Fuji,Fraiburgo,produtor,12,2007,200.5
Fuji,Fraiburgo,produtor,12,2008,350.55
Fuji,Fraiburgo,produtor,12,2009,547.8
Fuji,Fraiburgo,produtor,12,2010,633.47
Fuji,Fraiburgo,produtor,12,2011,729.07
Fuji,Fraiburgo,produtor,12,2012,590.38
Fuji,Fraiburgo,produtor,12,2013,822.08
Fuji,Fraiburgo,produtor,12,2014,610.58
Fuji,Fraiburgo,produtor,12,2015,725.0
Fuji,Fraiburgo,produtor,12,2016,282.0
Fuji,Fraiburgo,produtor,12,2017,288.17
Fuji,Fraiburgo,produtor,12,2019,356.17
Fuji,Fraiburgo,produtor,12,2021,552.41
Fuji,Fraiburgo,produtor,12,2022,706.5
Fuji,São Joaquim,produtor,1,2008,68.0
Fuji,São Joaquim,produtor,1,2009,335.0
Fuji,São Joaquim,produtor,1,2010,497.5
Fuji,São Joaquim,produtor,1,2011,408.0
Fuji,São Joaquim,produtor,1,2012,620.5
Fuji,São Joaquim,produtor,1,2013,305.5
Fuji,São Joaquim,produtor,1,2015,526.67
Fuji,São Joaquim,produtor,1,2016,271.0
Fuji,São Joaquim,produtor,1,2017,297.83
Fuji,São Joaquim,produtor,1,2018,345.64
Fuji,São Joaquim,produtor,1,2019,800.17
Fuji,São Joaquim,produtor,1,2020,602.26
Fuji,São Joaquim,produtor,1,2021,972.74
Fuji,São Joaquim,produtor,1,2022,394.58
Fuji,São Joaquim,produtor,1,2023,822.0
Fuji,São Joaquim,produtor,2,2008,127.0
Fuji,São Joaquim,produtor,2,2011,134.0
Fuji,São Joaquim,produtor,2,2012,612.0
Fuji,São Joaquim,produtor,2,2019,214.5
Fuji,São Joaquim,produtor,3,2008,157.5
Fuji,São Joaquim,produtor,3,2009,63.0
Fuji,São Joaquim,produtor,3,2010,550.99
Fuji,São Joaquim,produtor,3,2011,387.12
Fuji,São Joaquim,produtor,3,2012,264.0
Fuji,São Joaquim,produtor,3,2013,627.5
Fuji,São Joaquim,produtor,3,2014,319.5
Fuji,São Joaquim,produtor,3,2015,394.17
Fuji,São Joaquim,produtor,3,2017,508.5
Fuji,São Joaquim,produtor,3,2018,377.06
Fuji,São Joaquim,produtor,3,2019,232.32999999999998
Fuji,São Joaquim,produtor,3,2021,391.17
Fuji,São Joaquim,produtor,3,2022,372.0
Fuji,São Joaquim,produtor,3,2023,570.16
Fuji,São Joaquim,produtor,4,2008,251.75
Fuji,São Joaquim,produtor,4,2009,435.5
Fuji,São Joaquim,produtor,4,2010,441.67
Fuji,São Joaquim,produtor,4,2011,500.56
Fuji,São Joaquim,produtor,4,2012,515.0699999999999
Fuji,São Joaquim,produtor,4,2013,656.33
Fuji,São Joaquim,produtor,4,2014,774.16
Fuji,São Joaquim,produtor,4,2015,685.17
Fuji,São Joaquim,produtor,4,2016,1173.9
Fuji,São Joaquim,produtor,4,2017,549.46
Fuji,São Joaquim,produtor,4,2018,547.67
Fuji,São Joaquim,produtor,4,2019,673.09
Fuji,São Joaquim,produtor,4,2020,1001.64
Fuji,São Joaquim,produtor,4,2021,787.2
Fuji,São Joaquim,produtor,4,2022,742.0
Fuji,São Joaquim,produtor,4,2023,1129.66
Fuji,São Joaquim,produtor,5,2008,270.0
Fuji,São Joaquim,produtor,5,2009,201.17000000000002
Fuji,São Joaquim,produtor,5,2010,404.01
Fuji,São Joaquim,produtor,5,2011,512.23
Fuji,São Joaquim,produtor,5,2012,523.08
Fuji,São Joaquim,produtor,5,2013,815.83
Fuji,São Joaquim,produtor,5,2014,1156.33
Fuji,São Joaquim,produtor,5,2015,664.0
Fuji,São Joaquim,produtor,5,2016,1180.64
Fuji,São Joaquim,produtor,5,2017,646.71
Fuji,São Joaquim,produtor,5,2018,574.61
Fuji,São Joaquim,produtor,5,2019,808.78
Fuji,São Joaquim,produtor,5,2020,1072.4
Fuji,São Joaquim,produtor,5,2021,586.81
Fuji,São Joaquim,produtor,5,2022,725.89
Fuji,São Joaquim,produtor,5,2023,991.65
Fuji,São Joaquim,produtor,6,2008,261.0
Fuji,São Joaquim,produtor,6,2009,364.83
Fuji,São Joaquim,produtor,6,2010,401.5
Fuji,São Joaquim,produtor,6,2011,649.48
Fuji,São Joaquim,produtor,6,2012,665.33
Fuji,São Joaquim,produtor,6,2013,824.84
Fuji,São Joaquim,produtor,6,2014,746.16
Fuji,São Joaquim,produtor,6,2015,685.84
Fuji,São Joaquim,produtor,6,2016,1432.67
Fuji,São Joaquim,produtor,6,2017,767.95
Fuji,São Joaquim,produtor,6,2018,925.91
Fuji,São Joaquim,produtor,6,2019,570.43
Fuji,São Joaquim,produtor,6,2020,957.49
Fuji,São Joaquim,produtor,6,2021,714.88
Fuji,São Joaquim,produtor,6,2022,883.3199999999999
Fuji,São Joaquim,produtor,6,2023,1206.84
Fuji,São Joaquim,produtor,7,2008,252.75
Fuji,São Joaquim,produtor,7,2009,558.17
Fuji,São Joaquim,produtor,7,2010,513.5
Fuji,São Joaquim,produtor,7,2011,532.81
Fuji,São Joaquim,produtor,7,2012,541.34
Fuji,São Joaquim,produtor,7,2013,683.16
Fuji,São Joaquim,produtor,7,2014,933.09
Fuji,São Joaquim,produtor,7,2015,863.75
Fuji,São Joaquim,produtor,7,2016,1188.71
Fuji,São Joaquim,produtor,7,2017,624.98
Fuji,São Joaquim,produtor,7,2018,789.59
Fuji,São Joaquim,produtor,7,2019,526.6899999999999
Fuji,São Joaquim,produtor,7,2020,1199.09
Fuji,São Joaquim,produtor,7,2021,598.4300000000001
Fuji,São Joaquim,produtor,7,2022,763.25
Fuji,São Joaquim,produtor,7,2023,973.74
Fuji,São Joaquim,produtor,8,2008,264.75
Fuji,São Joaquim,produtor,8,2009,426.25
Fuji,São Joaquim,produtor,8,2010,459.76
Fuji,São Joaquim,produtor,8,2011,555.55
Fuji,São Joaquim,produtor,8,2012,694.84
Fuji,São Joaquim,produtor,8,2013,1051.0
Fuji,São Joaquim,produtor,8,2014,730.19
Fuji,São Joaquim,produtor,8,2015,710.09
Fuji,São Joaquim,produtor,8,2016,1160.67
Fuji,São Joaquim,produtor,8,2017,745.57
Fuji,São Joaquim,produtor,8,2018,1114.12
Fuji,São Joaquim,produtor,8,2019,823.89
Fuji,São Joaquim,produtor,8,2020,1018.74
Fuji,São Joaquim,produtor,8,2021,472.35
Fuji,São Joaquim,produtor,8,2022,862.22
Fuji,São Joaquim,produtor,8,2023,1815.34
Fuji,São Joaquim,produtor,9,2008,272.67
Fuji,São Joaquim,produtor,9,2009,451.14
Fuji,São Joaquim,produtor,9,2010,615.28
Fuji,São Joaquim,produtor,9,2011,728.67
Fuji,São Joaquim,produtor,9,2012,586.33
Fuji,São Joaquim,produtor,9,2013,832.1800000000001
Fuji,São Joaquim,produtor,9,2014,697.26
Fuji,São Joaquim,produtor,9,2015,751.17
Fuji,São Joaquim,produtor,9,2016,1468.7
Fuji,São Joaquim,produtor,9,2017,603.33
Fuji,São Joaquim,produtor,9,2018,932.02
Fuji,São Joaquim,produtor,9,2019,739.77
Fuji,São Joaquim,produtor,9,2020,835.98
Fuji,São Joaquim,produtor,9,2021,453.54
Fuji,São Joaquim,produtor,9,2022,1063.33
Fuji,São Joaquim,produtor,9,2023,1663.85
Fuji,São Joaquim,produtor,10,2008,333.5
Fuji,São Joaquim,produtor,10,2009,588.4300000000001
Fuji,São Joaquim,produtor,10,2010,530.75
Fuji,São Joaquim,produtor,10,2011,602.91
Fuji,São Joaquim,produtor,10,2012,636.71
Fuji,São Joaquim,produtor,10,2013,1062.0
Fuji,São Joaquim,produtor,10,2014,883.09
Fuji,São Joaquim,produtor,10,2015,1010.5
Fuji,São Joaquim,produtor,10,2016,1158.55
Fuji,São Joaquim,produtor,10,2017,637.2
Fuji,São Joaquim,produtor,10,2018,941.51
Fuji,São Joaquim,produtor,10,2019,874.61
Fuji,São Joaquim,produtor,10,2020,1165.47
Fuji,São Joaquim,produtor,10,2021,470.04
Fuji,São Joaquim,produtor,10,2022,848.3199999999999
Fuji,São Joaquim,produtor,10,2023,1766.97
Fuji,São Joaquim,produtor,11,2008,301.17
Fuji,São Joaquim,produtor,11,2009,470.58
Fuji,São Joaquim,produtor,11,2010,546.54
Fuji,São Joaquim,produtor,11,2011,605.6800000000001
Fuji,São Joaquim,produtor,11,2012,788.92
Fuji,São Joaquim,produtor,11,2013,856.84
Fuji,São Joaquim,produtor,11,2014,705.87
Fuji,São Joaquim,produtor,11,2015,921.1800000000001
Fuji,São Joaquim,produtor,11,2016,1186.05
Fuji,São Joaquim,produtor,11,2017,668.35
Fuji,São Joaquim,produtor,11,2018,1168.59
Fuji,São Joaquim,produtor,11,2019,674.97
Fuji,São Joaquim,produtor,11,2020,1085.88
Fuji,São Joaquim,produtor,11,2021,469.0
Fuji,São Joaquim,produtor,11,2022,888.12
Fuji,São Joaquim,produtor,11,2023,1785.76
Fuji,São Joaquim,produtor,12,2007,201.0
Fuji,São Joaquim,produtor,12,2008,381.5
Fuji,São Joaquim,produtor,12,2009,556.62
Fuji,São Joaquim,produtor,12,2010,695.51
Fuji,São Joaquim,produtor,12,2011,763.62
Fuji,São Joaquim,produtor,12,2012,634.51
Fuji,São Joaquim,produtor,12,2013,893.67
Fuji,São Joaquim,produtor,12,2014,682.91
Fuji,São Joaquim,produtor,12,2015,1263.85
Fuji,São Joaquim,produtor,12,2016,889.48
Fuji,São Joaquim,produtor,12,2017,670.34
Fuji,São Joaquim,produtor,12,2018,710.25
Fuji,São Joaquim,produtor,12,2019,444.99
Fuji,São Joaquim,produtor,12,2020,1297.85
Fuji,São Joaquim,produtor,12,2021,544.3
Fuji,São Joaquim,produtor,12,2022,1273.63
Fuji,São Joaquim,produtor,12,2023,886.95
Fuji,São Paulo (capital),atacado,1,2008,423.38
Fuji,São Paulo (capital),atacado,1,2009,413.94
Fuji,São Paulo (capital),atacado,1,2010,444.89
Fuji,São Paulo (capital),atacado,1,2011,619.5600000000001
Fuji,São Paulo (capital),atacado,1,2012,409.93
Fuji,São Paulo (capital),atacado,1,2013,336.7
Fuji,São Paulo (capital),atacado,1,2014,259.67
Fuji,São Paulo (capital),atacado,1,2015,657.0
Fuji,São Paulo (capital),atacado,1,2017,158.0
Fuji,São Paulo (capital),atacado,1,2018,309.5
Fuji,São Paulo (capital),atacado,1,2019,511.67
Fuji,São Paulo (capital),atacado,1,2020,149.92000000000002
Fuji,São Paulo (capital),atacado,1,2022,342.08
Fuji,São Paulo (capital),atacado,1,2023,258.75
Fuji,São Paulo (capital),atacado,2,2008,262.58
Fuji,São Paulo (capital),atacado,2,2009,98.0
Fuji,São Paulo (capital),atacado,2,2010,68.0
Fuji,São Paulo (capital),atacado,2,2011,202.82999999999998
Fuji,São Paulo (capital),atacado,2,2013,82.5
Fuji,São Paulo (capital),atacado,2,2015,56.5
Fuji,São Paulo (capital),atacado,2,2019,100.0
Fuji,São Paulo (capital),atacado,2,2020,182.5
Fuji,São Paulo (capital),atacado,2,2021,633.3299999999999
Fuji,São Paulo (capital),atacado,3,2008,268.1
Fuji,São Paulo (capital),atacado,3,2009,78.83
Fuji,São Paulo (capital),atacado,3,2010,446.4
Fuji,São Paulo (capital),atacado,3,2011,461.6
Fuji,São Paulo (capital),atacado,3,2012,153.75
Fuji,São Paulo (capital),atacado,3,2013,518.81
Fuji,São Paulo (capital),atacado,3,2014,461.5
Fuji,São Paulo (capital),atacado,3,2015,377.17
Fuji,São Paulo (capital),atacado,3,2017,388.99
Fuji,São Paulo (capital),atacado,3,2018,320.0
Fuji,São Paulo (capital),atacado,3,2019,432.97
Fuji,São Paulo (capital),atacado,3,2020,279.83
Fuji,São Paulo (capital),atacado,3,2021,575.83
Fuji,São Paulo (capital),atacado,3,2022,132.5
Fuji,São Paulo (capital),atacado,3,2023,430.0
Fuji,São Paulo (capital),atacado,4,2008,321.4
Fuji,São Paulo (capital),atacado,4,2009,371.32
Fuji,São Paulo (capital),atacado,4,2010,428.14
Fuji,São Paulo (capital),atacado,4,2011,471.65
Fuji,São Paulo (capital),atacado,4,2012,249.46
Fuji,São Paulo (capital),atacado,4,2013,493.18
Fuji,São Paulo (capital),atacado,4,2014,696.91
Fuji,São Paulo (capital),atacado,4,2015,554.83
Fuji,São Paulo (capital),atacado,4,2016,766.46
Fuji,São Paulo (capital),atacado,4,2017,456.5
Fuji,São Paulo (capital),atacado,4,2018,380.25
Fuji,São Paulo (capital),atacado,4,2019,426.67
Fuji,São Paulo (capital),atacado,4,2020,769.75
Fuji,São Paulo (capital),atacado,4,2021,619.02
Fuji,São Paulo (capital),atacado,4,2022,826.84
Fuji,São Paulo (capital),atacado,4,2023,564.99
Fuji,São Paulo (capital),atacado,5,2008,296.3
Fuji,São Paulo (capital),atacado,5,2009,355.05
Fuji,São Paulo (capital),atacado,5,2010,409.0
Fuji,São Paulo (capital),atacado,5,2011,482.69
Fuji,São Paulo (capital),atacado,5,2012,307.0
Fuji,São Paulo (capital),atacado,5,2013,625.89
Fuji,São Paulo (capital),atacado,5,2014,596.33
Fuji,São Paulo (capital),atacado,5,2015,393.5
Fuji,São Paulo (capital),atacado,5,2016,678.51
Fuji,São Paulo (capital),atacado,5,2017,423.03
Fuji,São Paulo (capital),atacado,5,2018,492.33
Fuji,São Paulo (capital),atacado,5,2019,451.75
Fuji,São Paulo (capital),atacado,5,2020,548.67
Fuji,São Paulo (capital),atacado,5,2021,469.39
Fuji,São Paulo (capital),atacado,5,2022,775.5
Fuji,São Paulo (capital),atacado,5,2023,543.33
Fuji,São Paulo (capital),atacado,6,2008,287.55
Fuji,São Paulo (capital),atacado,6,2009,351.82
Fuji,São Paulo (capital),atacado,6,2010,409.35
Fuji,São Paulo (capital),atacado,6,2011,612.39
Fuji,São Paulo (capital),atacado,6,2012,377.01
Fuji,São Paulo (capital),atacado,6,2013,588.67
Fuji,São Paulo (capital),atacado,6,2014,385.33
Fuji,São Paulo (capital),atacado,6,2015,409.22
Fuji,São Paulo (capital),atacado,6,2016,948.17
Fuji,São Paulo (capital),atacado,6,2017,485.59000000000003
Fuji,São Paulo (capital),atacado,6,2018,518.17
Fuji,São Paulo (capital),atacado,6,2019,452.29
Fuji,São Paulo (capital),atacado,6,2020,518.3199999999999
Fuji,São Paulo (capital),atacado,6,2021,563.12
Fuji,São Paulo (capital),atacado,6,2022,997.33
Fuji,São Paulo (capital),atacado,6,2023,996.6500000000001
Fuji,São Paulo (capital),atacado,7,2008,357.03
Fuji,São Paulo (capital),atacado,7,2009,547.71
Fuji,São Paulo (capital),atacado,7,2010,562.59
Fuji,São Paulo (capital),atacado,7,2011,517.02
Fuji,São Paulo (capital),atacado,7,2012,390.3
Fuji,São Paulo (capital),atacado,7,2013,689.41
Fuji,São Paulo (capital),atacado,7,2014,624.26
Fuji,São Paulo (capital),atacado,7,2015,527.86
Fuji,São Paulo (capital),atacado,7,2016,672.11
Fuji,São Paulo (capital),atacado,7,2017,368.91
Fuji,São Paulo (capital),atacado,7,2018,481.76
Fuji,São Paulo (capital),atacado,7,2019,454.02
Fuji,São Paulo (capital),atacado,7,2020,835.66
Fuji,São Paulo (capital),atacado,7,2021,671.25
Fuji,São Paulo (capital),atacado,7,2022,709.75
Fuji,São Paulo (capital),atacado,7,2023,970.0
Fuji,São Paulo (capital),atacado,8,2008,313.24
Fuji,São Paulo (capital),atacado,8,2009,480.91
Fuji,São Paulo (capital),atacado,8,2010,475.13
Fuji,São Paulo (capital),atacado,8,2011,571.29
Fuji,São Paulo (capital),atacado,8,2012,385.81
Fuji,São Paulo (capital),atacado,8,2013,768.19
Fuji,São Paulo (capital),atacado,8,2014,633.9300000000001
Fuji,São Paulo (capital),atacado,8,2015,473.0
Fuji,São Paulo (capital),atacado,8,2016,667.92
Fuji,São Paulo (capital),atacado,8,2017,466.1
Fuji,São Paulo (capital),atacado,8,2018,588.75
Fuji,São Paulo (capital),atacado,8,2019,608.92
Fuji,São Paulo (capital),atacado,8,2020,833.75
Fuji,São Paulo (capital),atacado,8,2021,558.87
Fuji,São Paulo (capital),atacado,8,2022,922.66
Fuji,São Paulo (capital),atacado,8,2023,872.5
Fuji,São Paulo (capital),atacado,9,2008,326.46
Fuji,São Paulo (capital),atacado,9,2009,468.55
Fuji,São Paulo (capital),atacado,9,2010,646.29
Fuji,São Paulo (capital),atacado,9,2011,769.61
Fuji,São Paulo (capital),atacado,9,2012,423.1
Fuji,São Paulo (capital),atacado,9,2013,777.41
Fuji,São Paulo (capital),atacado,9,2014,811.01
Fuji,São Paulo (capital),atacado,9,2015,435.4
Fuji,São Paulo (capital),atacado,9,2016,791.83
Fuji,São Paulo (capital),atacado,9,2017,373.79
Fuji,São Paulo (capital),atacado,9,2018,505.76
Fuji,São Paulo (capital),atacado,9,2019,499.40999999999997
Fuji,São Paulo (capital),atacado,9,2020,808.25
Fuji,São Paulo (capital),atacado,9,2021,698.09
Fuji,São Paulo (capital),atacado,9,2022,1147.91
Fuji,São Paulo (capital),atacado,9,2023,574.99
Fuji,São Paulo (capital),atacado,10,2008,430.83
Fuji,São Paulo (capital),atacado,10,2009,636.65
Fuji,São Paulo (capital),atacado,10,2010,593.29
Fuji,São Paulo (capital),atacado,10,2011,670.13
Fuji,São Paulo (capital),atacado,10,2012,523.36
Fuji,São Paulo (capital),atacado,10,2013,1222.31
Fuji,São Paulo (capital),atacado,10,2014,727.05
Fuji,São Paulo (capital),atacado,10,2015,709.28
Fuji,São Paulo (capital),atacado,10,2016,644.5
Fuji,São Paulo (capital),atacado,10,2017,393.93
Fuji,São Paulo (capital),atacado,10,2018,526.5
Fuji,São Paulo (capital),atacado,10,2019,581.5
Fuji,São Paulo (capital),atacado,10,2020,960.75
Fuji,São Paulo (capital),atacado,10,2021,573.17
Fuji,São Paulo (capital),atacado,10,2022,929.4100000000001
Fuji,São Paulo (capital),atacado,10,2023,542.5
Fuji,São Paulo (capital),atacado,11,2007,304.74
Fuji,São Paulo (capital),atacado,11,2008,360.88
Fuji,São Paulo (capital),atacado,11,2009,526.56
Fuji,São Paulo (capital),atacado,11,2010,625.92
Fuji,São Paulo (capital),atacado,11,2011,708.2
Fuji,São Paulo (capital),atacado,11,2012,552.19
Fuji,São Paulo (capital),atacado,11,2013,491.83
Fuji,São Paulo (capital),atacado,11,2014,776.51
Fuji,São Paulo (capital),atacado,11,2015,566.67
Fuji,São Paulo (capital),atacado,11,2016,692.0
Fuji,São Paulo (capital),atacado,11,2017,422.94
Fuji,São Paulo (capital),atacado,11,2018,484.84000000000003
Fuji,São Paulo (capital),atacado,11,2019,478.65999999999997
Fuji,São Paulo (capital),atacado,11,2020,980.17
Fuji,São Paulo (capital),atacado,11,2021,576.66
Fuji,São Paulo (capital),atacado,11,2022,1005.4000000000001
Fuji,São Paulo (capital),atacado,11,2023,688.33
Fuji,São Paulo (capital),atacado,12,2007,410.88
Fuji,São Paulo (capital),atacado,12,2008,464.85
Fuji,São Paulo (capital),atacado,12,2009,654.13
Fuji,São Paulo (capital),atacado,12,2010,775.29
Fuji,São Paulo (capital),atacado,12,2011,844.0
Fuji,São Paulo (capital),atacado,12,2012,600.86
Fuji,São Paulo (capital),atacado,12,2013,561.83
Fuji,São Paulo (capital),atacado,12,2014,780.81
Fuji,São Paulo (capital),atacado,12,2015,513.65
Fuji,São Paulo (capital),atacado,12,2016,568.6
Fuji,São Paulo (capital),atacado,12,2017,411.75
Fuji,São Paulo (capital),atacado,12,2019,434.92
Fuji,São Paulo (capital),atacado,12,2020,802.75
Fuji,São Paulo (capital),atacado,12,2021,744.75
Fuji,São Paulo (capital),atacado,12,2022,923.75
Fuji,São Paulo (capital),atacado,12,2023,335.0
Fuji,São Paulo (capital),produtor,10,2022,100.0
Fuji,Vacaria,atacado,10,2022,90.0
Fuji,Vacaria,produtor,1,2009,71.67
Fuji,Vacaria,produtor,1,2010,232.25
Fuji,Vacaria,produtor,1,2011,360.67
Fuji,Vacaria,produtor,1,2012,66.0
Fuji,Vacaria,produtor,1,2013,207.5
Fuji,Vacaria,produtor,1,2014,212.0
Fuji,Vacaria,produtor,1,2015,147.0
Fuji,Vacaria,produtor,1,2016,259.0
Fuji,Vacaria,produtor,1,2019,773.0
Fuji,Vacaria,produtor,1,2022,381.74
Fuji,Vacaria,produtor,3,2011,282.5
Fuji,Vacaria,produtor,3,2012,65.0
Fuji,Vacaria,produtor,3,2013,621.73
Fuji,Vacaria,produtor,3,2014,638.0
Fuji,Vacaria,produtor,3,2015,519.0
Fuji,Vacaria,produtor,3,2017,278.34000000000003
Fuji,Vacaria,produtor,3,2019,327.0
Fuji,Vacaria,produtor,3,2020,146.66
Fuji,Vacaria,produtor,4,2008,111.5
Fuji,Vacaria,produtor,4,2009,96.0
Fuji,Vacaria,produtor,4,2010,342.5
Fuji,Vacaria,produtor,4,2011,456.0
Fuji,Vacaria,produtor,4,2012,120.0
Fuji,Vacaria,produtor,4,2013,625.65
Fuji,Vacaria,produtor,4,2014,520.66
Fuji,Vacaria,produtor,4,2015,702.0
Fuji,Vacaria,produtor,4,2016,288.67
Fuji,Vacaria,produtor,4,2017,352.83
Fuji,Vacaria,produtor,4,2018,470.67
Fuji,Vacaria,produtor,4,2019,380.90999999999997
Fuji,Vacaria,produtor,4,2020,763.99
Fuji,Vacaria,produtor,4,2021,291.3
Fuji,Vacaria,produtor,4,2022,678.01
Fuji,Vacaria,produtor,5,2008,212.5
Fuji,Vacaria,produtor,5,2010,320.12
Fuji,Vacaria,produtor,5,2011,441.0
Fuji,Vacaria,produtor,5,2012,245.57
Fuji,Vacaria,produtor,5,2013,761.84
Fuji,Vacaria,produtor,5,2014,825.0
Fuji,Vacaria,produtor,5,2015,646.33
Fuji,Vacaria,produtor,5,2016,280.5
Fuji,Vacaria,produtor,5,2017,386.74
Fuji,Vacaria,produtor,5,2018,380.82
Fuji,Vacaria,produtor,5,2019,788.63
Fuji,Vacaria,produtor,5,2020,402.67
Fuji,Vacaria,produtor,5,2021,402.25
Fuji,Vacaria,produtor,5,2022,699.16
Fuji,Vacaria,produtor,5,2023,554.0
Fuji,Vacaria,produtor,6,2008,239.27
Fuji,Vacaria,produtor,6,2009,312.0
Fuji,Vacaria,produtor,6,2010,342.18
Fuji,Vacaria,produtor,6,2011,444.67
Fuji,Vacaria,produtor,6,2012,601.3
Fuji,Vacaria,produtor,6,2013,648.64
Fuji,Vacaria,produtor,6,2014,681.77
Fuji,Vacaria,produtor,6,2015,495.5
Fuji,Vacaria,produtor,6,2016,1402.51
Fuji,Vacaria,produtor,6,2017,581.58
Fuji,Vacaria,produtor,6,2018,830.6800000000001
Fuji,Vacaria,produtor,6,2019,786.6800000000001
Fuji,Vacaria,produtor,6,2021,436.2
Fuji,Vacaria,produtor,6,2022,866.17
Fuji,Vacaria,produtor,7,2008,288.99
Fuji,Vacaria,produtor,7,2009,483.21
Fuji,Vacaria,produtor,7,2010,476.43
Fuji,Vacaria,produtor,7,2011,497.5
Fuji,Vacaria,produtor,7,2012,545.75
Fuji,Vacaria,produtor,7,2013,681.87
Fuji,Vacaria,produtor,7,2014,774.67
Fuji,Vacaria,produtor,7,2015,845.67
Fuji,Vacaria,produtor,7,2016,1144.5
Fuji,Vacaria,produtor,7,2017,570.43
Fuji,Vacaria,produtor,7,2018,448.58
Fuji,Vacaria,produtor,7,2019,589.98
Fuji,Vacaria,produtor,7,2021,684.67
Fuji,Vacaria,produtor,7,2022,750.08
Fuji,Vacaria,produtor,8,2008,258.07
Fuji,Vacaria,produtor,8,2009,400.34000000000003
Fuji,Vacaria,produtor,8,2010,426.92
Fuji,Vacaria,produtor,8,2011,536.67
Fuji,Vacaria,produtor,8,2012,662.12
Fuji,Vacaria,produtor,8,2013,917.99
Fuji,Vacaria,produtor,8,2014,634.32
Fuji,Vacaria,produtor,8,2015,682.5
Fuji,Vacaria,produtor,8,2016,1113.69
Fuji,Vacaria,produtor,8,2017,622.24
Fuji,Vacaria,produtor,8,2018,1033.66
Fuji,Vacaria,produtor,8,2019,898.14
Fuji,Vacaria,produtor,8,2020,436.02
Fuji,Vacaria,produtor,8,2021,462.1
Fuji,Vacaria,produtor,8,2022,809.08
Fuji,Vacaria,produtor,9,2008,276.8
Fuji,Vacaria,produtor,9,2009,421.14
Fuji,Vacaria,produtor,9,2010,595.5
Fuji,Vacaria,produtor,9,2011,672.34
Fuji,Vacaria,produtor,9,2012,559.36
Fuji,Vacaria,produtor,9,2013,781.34
Fuji,Vacaria,produtor,9,2014,626.2
Fuji,Vacaria,produtor,9,2015,712.5
Fuji,Vacaria,produtor,9,2016,1354.5
Fuji,Vacaria,produtor,9,2017,553.66
Fuji,Vacaria,produtor,9,2018,769.27
Fuji,Vacaria,produtor,9,2019,712.27
Fuji,Vacaria,produtor,9,2020,727.51
Fuji,Vacaria,produtor,9,2021,573.88
Fuji,Vacaria,produtor,9,2022,1028.31
Fuji,Vacaria,produtor,9,2023,222.5
Fuji,Vacaria,produtor,10,2008,361.21
Fuji,Vacaria,produtor,10,2009,544.83
Fuji,Vacaria,produtor,10,2010,508.28
Fuji,Vacaria,produtor,10,2011,557.16
Fuji,Vacaria,produtor,10,2012,584.53
Fuji,Vacaria,produtor,10,2013,988.41
Fuji,Vacaria,produtor,10,2014,740.12
Fuji,Vacaria,produtor,10,2015,999.99
Fuji,Vacaria,produtor,10,2016,1117.91
Fuji,Vacaria,produtor,10,2017,616.3199999999999
Fuji,Vacaria,produtor,10,2018,884.91
Fuji,Vacaria,produtor,10,2019,1062.1200000000001
Fuji,Vacaria,produtor,10,2020,942.08
Fuji,Vacaria,produtor,10,2021,466.40999999999997
Fuji,Vacaria,produtor,10,2022,847.01
Fuji,Vacaria,produtor,10,2023,682.5
Fuji,Vacaria,produtor,11,2008,294.84000000000003
Fuji,Vacaria,produtor,11,2009,453.15
Fuji,Vacaria,produtor,11,2010,504.45
Fuji,Vacaria,produtor,11,2011,571.91
Fuji,Vacaria,produtor,11,2012,753.1
Fuji,Vacaria,produtor,11,2013,820.91
Fuji,Vacaria,produtor,11,2014,601.26
Fuji,Vacaria,produtor,11,2015,911.34
Fuji,Vacaria,produtor,11,2016,1106.43
Fuji,Vacaria,produtor,11,2017,634.0
Fuji,Vacaria,produtor,11,2018,1144.68
Fuji,Vacaria,produtor,11,2019,915.16
Fuji,Vacaria,produtor,11,2020,1078.34
Fuji,Vacaria,produtor,11,2021,463.0
Fuji,Vacaria,produtor,11,2022,904.0
Fuji,Vacaria,produtor,11,2023,1252.66
Fuji,Vacaria,produtor,12,2007,175.5
Fuji,Vacaria,produtor,12,2008,356.67
Fuji,Vacaria,produtor,12,2009,569.67
Fuji,Vacaria,produtor,12,2010,625.11
Fuji,Vacaria,produtor,12,2011,637.1
Fuji,Vacaria,produtor,12,2012,604.86
Fuji,Vacaria,produtor,12,2013,839.16
Fuji,Vacaria,produtor,12,2014,595.34
Fuji,Vacaria,produtor,12,2015,1235.5
Fuji,Vacaria,produtor,12,2016,820.59
Fuji,Vacaria,produtor,12,2017,574.66
Fuji,Vacaria,produtor,12,2018,758.42
Fuji,Vacaria,produtor,12,2019,719.5
Fuji,Vacaria,produtor,12,2020,523.67
Fuji,Vacaria,produtor,12,2021,564.51
Fuji,Vacaria,produtor,12,2022,760.0
Fuji,Vacaria,produtor,12,2023,466.15999999999997
Gala,Fraiburgo,atacado,4,2018,50.0
Gala,Fraiburgo,produtor,1,2008,89.34
Gala,Fraiburgo,produtor,1,2009,130.67000000000002
Gala,Fraiburgo,produtor,1,2010,243.5
Gala,Fraiburgo,produtor,1,2011,248.51
Gala,Fraiburgo,produtor,1,2012,176.5
Gala,Fraiburgo,produtor,1,2013,445.65999999999997
Gala,Fraiburgo,produtor,1,2014,222.8
Gala,Fraiburgo,produtor,1,2015,515.16
Gala,Fraiburgo,produtor,1,2016,579.75
Gala,Fraiburgo,produtor,1,2017,269.67
Gala,Fraiburgo,produtor,1,2018,217.67000000000002
Gala,Fraiburgo,produtor,1,2019,800.0
Gala,Fraiburgo,produtor,1,2020,148.67000000000002
Gala,Fraiburgo,produtor,1,2021,673.25
Gala,Fraiburgo,produtor,1,2022,563.25
Gala,Fraiburgo,produtor,2,2008,249.5
Gala,Fraiburgo,produtor,2,2009,221.32999999999998
Gala,Fraiburgo,produtor,2,2010,337.59
Gala,Fraiburgo,produtor,2,2011,427.26
Gala,Fraiburgo,produtor,2,2012,426.63
Gala,Fraiburgo,produtor,2,2013,486.90999999999997
Gala,Fraiburgo,produtor,2,2014,777.44
Gala,Fraiburgo,produtor,2,2015,558.8199999999999
Gala,Fraiburgo,produtor,2,2016,826.29
Gala,Fraiburgo,produtor,2,2017,873.72
Gala,Fraiburgo,produtor,2,2018,734.64
Gala,Fraiburgo,produtor,2,2019,640.0
Gala,Fraiburgo,produtor,2,2020,788.73
Gala,Fraiburgo,produtor,2,2021,512.6
Gala,Fraiburgo,produtor,2,2022,649.17
Gala,Fraiburgo,produtor,2,2023,1122.68
Gala,Fraiburgo,produtor,3,2008,184.7
Gala,Fraiburgo,produtor,3,2009,306.36
Gala,Fraiburgo,produtor,3,2010,416.61
Gala,Fraiburgo,produtor,3,2011,499.01
Gala,Fraiburgo,produtor,3,2012,541.9399999999999
Gala,Fraiburgo,produtor,3,2013,599.23
Gala,Fraiburgo,produtor,3,2014,646.67
Gala,Fraiburgo,produtor,3,2015,551.8199999999999
Gala,Fraiburgo,produtor,3,2016,1066.38
Gala,Fraiburgo,produtor,3,2017,842.95
Gala,Fraiburgo,produtor,3,2018,661.07
Gala,Fraiburgo,produtor,3,2019,610.65
Gala,Fraiburgo,produtor,3,2020,989.35
Gala,Fraiburgo,produtor,3,2021,517.31
Gala,Fraiburgo,produtor,3,2022,845.41
Gala,Fraiburgo,produtor,3,2023,1296.92
Gala,Fraiburgo,produtor,4,2008,259.86
Gala,Fraiburgo,produtor,4,2009,471.79
Gala,Fraiburgo,produtor,4,2010,339.6
Gala,Fraiburgo,produtor,4,2011,401.98
Gala,Fraiburgo,produtor,4,2012,439.61
Gala,Fraiburgo,produtor,4,2013,612.85
Gala,Fraiburgo,produtor,4,2014,671.92
Gala,Fraiburgo,produtor,4,2015,705.15
Gala,Fraiburgo,produtor,4,2016,1265.04
Gala,Fraiburgo,produtor,4,2017,609.95
Gala,Fraiburgo,produtor,4,2018,700.64
Gala,Fraiburgo,produtor,4,2019,398.82
Gala,Fraiburgo,produtor,4,2020,1203.3
Gala,Fraiburgo,produtor,4,2021,478.51
Gala,Fraiburgo,produtor,4,2022,667.2
Gala,Fraiburgo,produtor,4,2023,718.8199999999999
Gala,Fraiburgo,produtor,5,2008,238.1
Gala,Fraiburgo,produtor,5,2009,374.99
Gala,Fraiburgo,produtor,5,2010,330.09
Gala,Fraiburgo,produtor,5,2011,416.92
Gala,Fraiburgo,produtor,5,2012,453.84000000000003
Gala,Fraiburgo,produtor,5,2013,779.22
Gala,Fraiburgo,produtor,5,2014,849.34
Gala,Fraiburgo,produtor,5,2015,622.35
Gala,Fraiburgo,produtor,5,2016,1112.99
Gala,Fraiburgo,produtor,5,2017,598.69
Gala,Fraiburgo,produtor,5,2018,477.9
Gala,Fraiburgo,produtor,5,2019,522.3199999999999
Gala,Fraiburgo,produtor,5,2020,705.79
Gala,Fraiburgo,produtor,5,2021,269.6
Gala,Fraiburgo,produtor,5,2022,701.09
Gala,Fraiburgo,produtor,5,2023,559.0
Gala,Fraiburgo,produtor,6,2008,246.06
Gala,Fraiburgo,produtor,6,2009,382.39
Gala,Fraiburgo,produtor,6,2010,361.3
Gala,Fraiburgo,produtor,6,2011,525.77
Gala,Fraiburgo,produtor,6,2012,598.17
Gala,Fraiburgo,produtor,6,2013,642.48
Gala,Fraiburgo,produtor,6,2014,644.23
Gala,Fraiburgo,produtor,6,2015,686.12
Gala,Fraiburgo,produtor,6,2016,1399.1
Gala,Fraiburgo,produtor,6,2017,762.99
Gala,Fraiburgo,produtor,6,2018,454.5
Gala,Fraiburgo,produtor,6,2019,227.16
Gala,Fraiburgo,produtor,6,2020,625.25
Gala,Fraiburgo,produtor,6,2021,568.84
Gala,Fraiburgo,produtor,6,2022,864.35
Gala,Fraiburgo,produtor,6,2023,200.5
Gala,Fraiburgo,produtor,7,2008,295.28999999999996
Gala,Fraiburgo,produtor,7,2009,504.2
Gala,Fraiburgo,produtor,7,2010,472.2
Gala,Fraiburgo,produtor,7,2011,457.47
Gala,Fraiburgo,produtor,7,2012,509.25
Gala,Fraiburgo,produtor,7,2013,664.85
Gala,Fraiburgo,produtor,7,2014,798.94
Gala,Fraiburgo,produtor,7,2015,853.89
Gala,Fraiburgo,produtor,7,2016,1124.91
Gala,Fraiburgo,produtor,7,2017,655.6
Gala,Fraiburgo,produtor,7,2018,228.0
Gala,Fraiburgo,produtor,7,2019,733.83
Gala,Fraiburgo,produtor,7,2020,1208.47
Gala,Fraiburgo,produtor,7,2021,683.02
Gala,Fraiburgo,produtor,7,2022,548.0
Gala,Fraiburgo,produtor,7,2023,414.0
Gala,Fraiburgo,produtor,8,2008,255.95
Gala,Fraiburgo,produtor,8,2009,397.78
Gala,Fraiburgo,produtor,8,2010,411.48
Gala,Fraiburgo,produtor,8,2011,490.27
Gala,Fraiburgo,produtor,8,2012,690.08
Gala,Fraiburgo,produtor,8,2013,1079.68
Gala,Fraiburgo,produtor,8,2014,639.74
Gala,Fraiburgo,produtor,8,2015,691.63
Gala,Fraiburgo,produtor,8,2016,1187.92
Gala,Fraiburgo,produtor,8,2017,817.62
Gala,Fraiburgo,produtor,8,2018,956.69
Gala,Fraiburgo,produtor,8,2019,1071.83
Gala,Fraiburgo,produtor,8,2020,181.2
Gala,Fraiburgo,produtor,8,2021,529.91
Gala,Fraiburgo,produtor,8,2022,854.58
Gala,Fraiburgo,produtor,9,2008,294.13
Gala,Fraiburgo,produtor,9,2009,427.04
Gala,Fraiburgo,produtor,9,2010,581.05
Gala,Fraiburgo,produtor,9,2011,646.53
Gala,Fraiburgo,produtor,9,2012,600.85
Gala,Fraiburgo,produtor,9,2013,808.41
Gala,Fraiburgo,produtor,9,2014,638.07
Gala,Fraiburgo,produtor,9,2015,746.24
Gala,Fraiburgo,produtor,9,2016,1375.35
Gala,Fraiburgo,produtor,9,2017,686.51
Gala,Fraiburgo,produtor,9,2018,574.22
Gala,Fraiburgo,produtor,9,2019,663.0
Gala,Fraiburgo,produtor,9,2020,355.25
Gala,Fraiburgo,produtor,9,2021,671.8199999999999
Gala,Fraiburgo,produtor,9,2022,1075.41
Gala,Fraiburgo,produtor,10,2008,380.75
Gala,Fraiburgo,produtor,10,2009,598.17
Gala,Fraiburgo,produtor,10,2010,546.99
Gala,Fraiburgo,produtor,10,2011,539.49
Gala,Fraiburgo,produtor,10,2012,656.7
Gala,Fraiburgo,produtor,10,2013,1011.92
Gala,Fraiburgo,produtor,10,2014,766.59
Gala,Fraiburgo,produtor,10,2015,1063.34
Gala,Fraiburgo,produtor,10,2016,818.5
Gala,Fraiburgo,produtor,10,2017,732.25
Gala,Fraiburgo,produtor,10,2018,343.08
Gala,Fraiburgo,produtor,10,2019,899.0
Gala,Fraiburgo,produtor,10,2020,571.34
Gala,Fraiburgo,produtor,10,2021,522.52
Gala,Fraiburgo,produtor,10,2022,820.01
Gala,Fraiburgo,produtor,11,2008,249.0
Gala,Fraiburgo,produtor,11,2009,519.51
Gala,Fraiburgo,produtor,11,2010,575.46
Gala,Fraiburgo,produtor,11,2011,559.5
Gala,Fraiburgo,produtor,11,2012,873.41
Gala,Fraiburgo,produtor,11,2013,875.84
Gala,Fraiburgo,produtor,11,2014,740.0
Gala,Fraiburgo,produtor,11,2015,980.5
Gala,Fraiburgo,produtor,11,2016,556.0
Gala,Fraiburgo,produtor,11,2019,896.5
Gala,Fraiburgo,produtor,11,2021,516.0
Gala,Fraiburgo,produtor,11,2022,884.5
Gala,Fraiburgo,produtor,12,2007,68.0
Gala,Fraiburgo,produtor,12,2010,280.0
Gala,Fraiburgo,produtor,12,2011,147.0
Gala,Fraiburgo,produtor,12,2012,749.5
Gala,Fraiburgo,produtor,12,2013,449.0
Gala,Fraiburgo,produtor,12,2014,139.0
Gala,Fraiburgo,produtor,12,2021,608.17
Gala,Fraiburgo,produtor,12,2022,717.3199999999999
Gala,São Joaquim,produtor,1,2015,69.0
Gala,São Joaquim,produtor,1,2021,469.0
Gala,São Joaquim,produtor,1,2022,570.01
Gala,São Joaquim,produtor,2,2008,95.08
Gala,São Joaquim,produtor,2,2009,53.0
Gala,São Joaquim,produtor,2,2010,82.5
Gala,São Joaquim,produtor,2,2011,273.79
Gala,São Joaquim,produtor,2,2012,351.90999999999997
Gala,São Joaquim,produtor,2,2013,527.66
Gala,São Joaquim,produtor,2,2014,559.17
Gala,São Joaquim,produtor,2,2015,578.65
Gala,São Joaquim,produtor,2,2016,552.08
Gala,São Joaquim,produtor,2,2017,608.33
Gala,São Joaquim,produtor,2,2018,572.74
Gala,São Joaquim,produtor,2,2019,644.5
Gala,São Joaquim,produtor,2,2020,863.75
Gala,São Joaquim,produtor,2,2021,614.46
Gala,São Joaquim,produtor,2,2022,675.51
Gala,São Joaquim,produtor,2,2023,1322.3600000000001
Gala,São Joaquim,produtor,3,2008,179.91
Gala,São Joaquim,produtor,3,2009,311.51
Gala,São Joaquim,produtor,3,2010,416.56
Gala,São Joaquim,produtor,3,2011,525.47
Gala,São Joaquim,produtor,3,2012,582.67
Gala,São Joaquim,produtor,3,2013,624.17
Gala,São Joaquim,produtor,3,2014,725.67
Gala,São Joaquim,produtor,3,2015,580.33
Gala,São Joaquim,produtor,3,2016,1083.65
Gala,São Joaquim,produtor,3,2017,850.22
Gala,São Joaquim,produtor,3,2018,718.26
Gala,São Joaquim,produtor,3,2019,843.6800000000001
Gala,São Joaquim,produtor,3,2020,998.49
Gala,São Joaquim,produtor,3,2021,679.58
Gala,São Joaquim,produtor,3,2022,845.83
Gala,São Joaquim,produtor,3,2023,1298.68
Gala,São Joaquim,produtor,4,2008,265.9
Gala,São Joaquim,produtor,4,2009,447.0
Gala,São Joaquim,produtor,4,2010,361.17
Gala,São Joaquim,produtor,4,2011,423.49
Gala,São Joaquim,produtor,4,2012,477.34000000000003
Gala,São Joaquim,produtor,4,2013,656.42
Gala,São Joaquim,produtor,4,2014,708.0
Gala,São Joaquim,produtor,4,2015,756.67
Gala,São Joaquim,produtor,4,2016,1371.95
Gala,São Joaquim,produtor,4,2017,539.03
Gala,São Joaquim,produtor,4,2018,745.48
Gala,São Joaquim,produtor,4,2019,833.74
Gala,São Joaquim,produtor,4,2020,1259.48
Gala,São Joaquim,produtor,4,2021,419.03
Gala,São Joaquim,produtor,4,2022,665.16
Gala,São Joaquim,produtor,4,2023,1025.98
Gala,São Joaquim,produtor,5,2008,247.5
Gala,São Joaquim,produtor,5,2009,381.25
Gala,São Joaquim,produtor,5,2010,351.5
Gala,São Joaquim,produtor,5,2011,443.85
Gala,São Joaquim,produtor,5,2012,491.19
Gala,São Joaquim,produtor,5,2013,819.84
Gala,São Joaquim,produtor,5,2014,1075.33
Gala,São Joaquim,produtor,5,2015,652.99
Gala,São Joaquim,produtor,5,2016,1127.71
Gala,São Joaquim,produtor,5,2017,641.44
Gala,São Joaquim,produtor,5,2018,581.05
Gala,São Joaquim,produtor,5,2019,1031.82
Gala,São Joaquim,produtor,5,2020,842.25
Gala,São Joaquim,produtor,5,2021,602.83
Gala,São Joaquim,produtor,5,2022,716.08
Gala,São Joaquim,produtor,5,2023,938.25
Gala,São Joaquim,produtor,6,2008,250.5
Gala,São Joaquim,produtor,6,2009,369.96
Gala,São Joaquim,produtor,6,2010,378.0
Gala,São Joaquim,produtor,6,2011,561.05
Gala,São Joaquim,produtor,6,2012,642.3199999999999
Gala,São Joaquim,produtor,6,2013,843.0
Gala,São Joaquim,produtor,6,2014,712.0
Gala,São Joaquim,produtor,6,2015,689.51
Gala,São Joaquim,produtor,6,2016,1416.95
Gala,São Joaquim,produtor,6,2017,814.3
Gala,São Joaquim,produtor,6,2018,903.6
Gala,São Joaquim,produtor,6,2019,331.15999999999997
Gala,São Joaquim,produtor,6,2020,977.42
Gala,São Joaquim,produtor,6,2021,876.25
Gala,São Joaquim,produtor,6,2022,857.91
Gala,São Joaquim,produtor,6,2023,1761.37
Gala,São Joaquim,produtor,7,2008,247.32999999999998
Gala,São Joaquim,produtor,7,2009,533.83
Gala,São Joaquim,produtor,7,2010,502.15999999999997
Gala,São Joaquim,produtor,7,2011,481.97
Gala,São Joaquim,produtor,7,2012,538.41
Gala,São Joaquim,produtor,7,2013,684.91
Gala,São Joaquim,produtor,7,2014,889.25
Gala,São Joaquim,produtor,7,2015,853.08
Gala,São Joaquim,produtor,7,2016,1139.17
Gala,São Joaquim,produtor,7,2017,718.89
Gala,São Joaquim,produtor,7,2018,781.42
Gala,São Joaquim,produtor,7,2019,432.99
Gala,São Joaquim,produtor,7,2020,1222.46
Gala,São Joaquim,produtor,7,2021,738.01
Gala,São Joaquim,produtor,7,2022,769.99
Gala,São Joaquim,produtor,7,2023,1584.13
Gala,São Joaquim,produtor,8,2008,278.92
Gala,São Joaquim,produtor,8,2009,426.99
Gala,São Joaquim,produtor,8,2010,441.5
Gala,São Joaquim,produtor,8,2011,526.41
Gala,São Joaquim,produtor,8,2012,710.65
Gala,São Joaquim,produtor,8,2013,1104.34
Gala,São Joaquim,produtor,8,2014,708.8199999999999
Gala,São Joaquim,produtor,8,2015,709.58
Gala,São Joaquim,produtor,8,2016,1127.81
Gala,São Joaquim,produtor,8,2017,887.15
Gala,São Joaquim,produtor,8,2018,1100.82
Gala,São Joaquim,produtor,8,2019,821.02
Gala,São Joaquim,produtor,8,2020,1037.5
Gala,São Joaquim,produtor,8,2021,533.2
Gala,São Joaquim,produtor,8,2022,863.97
Gala,São Joaquim,produtor,8,2023,1467.83
Gala,São Joaquim,produtor,9,2008,303.83
Gala,São Joaquim,produtor,9,2009,438.48
Gala,São Joaquim,produtor,9,2010,623.16
Gala,São Joaquim,produtor,9,2011,691.92
Gala,São Joaquim,produtor,9,2012,629.97
Gala,São Joaquim,produtor,9,2013,848.66
Gala,São Joaquim,produtor,9,2014,704.58
Gala,São Joaquim,produtor,9,2015,757.6800000000001
Gala,São Joaquim,produtor,9,2016,1431.91
Gala,São Joaquim,produtor,9,2017,713.71
Gala,São Joaquim,produtor,9,2018,927.55
Gala,São Joaquim,produtor,9,2019,826.28
Gala,São Joaquim,produtor,9,2020,848.66
Gala,São Joaquim,produtor,9,2021,493.86
Gala,São Joaquim,produtor,9,2022,1077.49
Gala,São Joaquim,produtor,9,2023,1680.23
Gala,São Joaquim,produtor,10,2008,312.58
Gala,São Joaquim,produtor,10,2009,612.9
Gala,São Joaquim,produtor,10,2010,542.84
Gala,São Joaquim,produtor,10,2011,593.49
Gala,São Joaquim,produtor,10,2012,678.69
Gala,São Joaquim,produtor,10,2013,1081.83
Gala,São Joaquim,produtor,10,2014,898.67
Gala,São Joaquim,produtor,10,2015,1064.91
Gala,São Joaquim,produtor,10,2016,1134.36
Gala,São Joaquim,produtor,10,2017,708.22
Gala,São Joaquim,produtor,10,2018,950.59
Gala,São Joaquim,produtor,10,2019,1058.6
Gala,São Joaquim,produtor,10,2020,1180.58
Gala,São Joaquim,produtor,10,2021,505.09000000000003
Gala,São Joaquim,produtor,10,2022,859.67
Gala,São Joaquim,produtor,10,2023,931.08
Gala,São Joaquim,produtor,11,2008,380.0
Gala,São Joaquim,produtor,11,2009,535.84
Gala,São Joaquim,produtor,11,2010,572.5
Gala,São Joaquim,produtor,11,2011,608.49
Gala,São Joaquim,produtor,11,2012,892.65
Gala,São Joaquim,produtor,11,2013,692.5
Gala,São Joaquim,produtor,11,2014,777.9
Gala,São Joaquim,produtor,11,2015,1008.48
Gala,São Joaquim,produtor,11,2016,1199.0
Gala,São Joaquim,produtor,11,2017,727.47
Gala,São Joaquim,produtor,11,2018,1185.31
Gala,São Joaquim,produtor,11,2019,807.63
Gala,São Joaquim,produtor,11,2020,1070.5
Gala,São Joaquim,produtor,11,2021,514.01
Gala,São Joaquim,produtor,11,2022,922.33
Gala,São Joaquim,produtor,11,2023,1151.73
Gala,São Joaquim,produtor,12,2007,265.0
Gala,São Joaquim,produtor,12,2008,299.0
Gala,São Joaquim,produtor,12,2009,135.0
Gala,São Joaquim,produtor,12,2010,138.0
Gala,São Joaquim,produtor,12,2011,498.0
Gala,São Joaquim,produtor,12,2012,588.0
Gala,São Joaquim,produtor,12,2013,947.5
Gala,São Joaquim,produtor,12,2014,616.17
Gala,São Joaquim,produtor,12,2015,329.0
Gala,São Joaquim,produtor,12,2016,306.0
Gala,São Joaquim,produtor,12,2017,183.5
Gala,São Joaquim,produtor,12,2018,630.45
Gala,São Joaquim,produtor,12,2019,602.25
Gala,São Joaquim,produtor,12,2020,1303.57
Gala,São Joaquim,produtor,12,2021,587.45
Gala,São Joaquim,produtor,12,2022,999.17
Gala,São Joaquim,produtor,12,2023,457.0
Gala,São Paulo (capital),atacado,1,2008,230.44
Gala,São Paulo (capital),atacado,1,2009,154.25
Gala,São Paulo (capital),atacado,1,2010,219.04000000000002
Gala,São Paulo (capital),atacado,1,2011,315.57
Gala,São Paulo (capital),atacado,1,2012,144.25
Gala,São Paulo (capital),atacado,1,2013,591.41
Gala,São Paulo (capital),atacado,1,2014,258.25
Gala,São Paulo (capital),atacado,1,2015,740.03
Gala,São Paulo (capital),atacado,1,2016,676.4
Gala,São Paulo (capital),atacado,1,2017,170.0
Gala,São Paulo (capital),atacado,1,2018,283.17
Gala,São Paulo (capital),atacado,1,2019,385.0
Gala,São Paulo (capital),atacado,1,2020,172.5
Gala,São Paulo (capital),atacado,1,2021,479.16999999999996
Gala,São Paulo (capital),atacado,1,2022,942.84
Gala,São Paulo (capital),atacado,1,2023,713.34
Gala,São Paulo (capital),atacado,2,2008,285.49
Gala,São Paulo (capital),atacado,2,2009,252.37
Gala,São Paulo (capital),atacado,2,2010,391.08
Gala,São Paulo (capital),atacado,2,2011,500.1
Gala,São Paulo (capital),atacado,2,2012,492.21
Gala,São Paulo (capital),atacado,2,2013,557.54
Gala,São Paulo (capital),atacado,2,2014,827.0600000000001
Gala,São Paulo (capital),atacado,2,2015,627.4300000000001
Gala,São Paulo (capital),atacado,2,2016,586.69
Gala,São Paulo (capital),atacado,2,2017,564.19
Gala,São Paulo (capital),atacado,2,2018,456.18
Gala,São Paulo (capital),atacado,2,2019,424.75
Gala,São Paulo (capital),atacado,2,2020,601.5
Gala,São Paulo (capital),atacado,2,2021,639.89
Gala,São Paulo (capital),atacado,2,2022,890.5
Gala,São Paulo (capital),atacado,2,2023,562.5
Gala,São Paulo (capital),atacado,3,2008,220.54
Gala,São Paulo (capital),atacado,3,2009,346.68
Gala,São Paulo (capital),atacado,3,2010,485.52
Gala,São Paulo (capital),atacado,3,2011,574.44
Gala,São Paulo (capital),atacado,3,2012,605.1
Gala,São Paulo (capital),atacado,3,2013,664.1
Gala,São Paulo (capital),atacado,3,2014,676.83
Gala,São Paulo (capital),atacado,3,2015,539.01
Gala,São Paulo (capital),atacado,3,2016,610.13
Gala,São Paulo (capital),atacado,3,2017,540.66
Gala,São Paulo (capital),atacado,3,2018,403.75
Gala,São Paulo (capital),atacado,3,2019,420.6
Gala,São Paulo (capital),atacado,3,2020,485.83
Gala,São Paulo (capital),atacado,3,2021,530.6
Gala,São Paulo (capital),atacado,3,2022,974.42
Gala,São Paulo (capital),atacado,3,2023,572.83
Gala,São Paulo (capital),atacado,4,2008,306.21
Gala,São Paulo (capital),atacado,4,2009,401.21999999999997
Gala,São Paulo (capital),atacado,4,2010,405.03000000000003
Gala,São Paulo (capital),atacado,4,2011,462.86
Gala,São Paulo (capital),atacado,4,2012,468.73
Gala,São Paulo (capital),atacado,4,2013,609.91
Gala,São Paulo (capital),atacado,4,2014,748.69
Gala,São Paulo (capital),atacado,4,2015,460.99
Gala,São Paulo (capital),atacado,4,2016,886.83
Gala,São Paulo (capital),atacado,4,2017,398.23
Gala,São Paulo (capital),atacado,4,2018,323.33
Gala,São Paulo (capital),atacado,4,2019,444.22
Gala,São Paulo (capital),atacado,4,2020,707.34
Gala,São Paulo (capital),atacado,4,2021,600.2
Gala,São Paulo (capital),atacado,4,2022,777.5
Gala,São Paulo (capital),atacado,4,2023,517.5
Gala,São Paulo (capital),atacado,5,2008,274.43
Gala,São Paulo (capital),atacado,5,2009,448.78
Gala,São Paulo (capital),atacado,5,2010,412.19
Gala,São Paulo (capital),atacado,5,2011,463.39
Gala,São Paulo (capital),atacado,5,2012,405.17
Gala,São Paulo (capital),atacado,5,2013,640.46
Gala,São Paulo (capital),atacado,5,2014,851.37
Gala,São Paulo (capital),atacado,5,2015,447.56
Gala,São Paulo (capital),atacado,5,2016,733.88
Gala,São Paulo (capital),atacado,5,2017,400.49
Gala,São Paulo (capital),atacado,5,2018,464.58
Gala,São Paulo (capital),atacado,5,2019,637.85
Gala,São Paulo (capital),atacado,5,2020,689.99
Gala,São Paulo (capital),atacado,5,2021,496.1
Gala,São Paulo (capital),atacado,5,2022,773.24
Gala,São Paulo (capital),atacado,5,2023,590.0
Gala,São Paulo (capital),atacado,6,2008,292.07
Gala,São Paulo (capital),atacado,6,2009,443.35
Gala,São Paulo (capital),atacado,6,2010,424.29
Gala,São Paulo (capital),atacado,6,2011,572.61
Gala,São Paulo (capital),atacado,6,2012,650.19
Gala,São Paulo (capital),atacado,6,2013,590.26
Gala,São Paulo (capital),atacado,6,2014,617.51
Gala,São Paulo (capital),atacado,6,2015,449.5
Gala,São Paulo (capital),atacado,6,2016,948.34
Gala,São Paulo (capital),atacado,6,2017,491.4
Gala,São Paulo (capital),atacado,6,2018,519.92
Gala,São Paulo (capital),atacado,6,2019,504.15999999999997
Gala,São Paulo (capital),atacado,6,2020,713.33
Gala,São Paulo (capital),atacado,6,2021,574.5
Gala,São Paulo (capital),atacado,6,2022,1043.84
Gala,São Paulo (capital),atacado,6,2023,648.3399999999999
Gala,São Paulo (capital),atacado,7,2008,354.67
Gala,São Paulo (capital),atacado,7,2009,566.43
Gala,São Paulo (capital),atacado,7,2010,587.29
Gala,São Paulo (capital),atacado,7,2011,497.29
Gala,São Paulo (capital),atacado,7,2012,551.77
Gala,São Paulo (capital),atacado,7,2013,702.83
Gala,São Paulo (capital),atacado,7,2014,737.48
Gala,São Paulo (capital),atacado,7,2015,539.58
Gala,São Paulo (capital),atacado,7,2016,672.11
Gala,São Paulo (capital),atacado,7,2017,406.75
Gala,São Paulo (capital),atacado,7,2018,499.49
Gala,São Paulo (capital),atacado,7,2019,457.67
Gala,São Paulo (capital),atacado,7,2020,615.42
Gala,São Paulo (capital),atacado,7,2021,733.69
Gala,São Paulo (capital),atacado,7,2022,710.66
Gala,São Paulo (capital),atacado,7,2023,541.0
Gala,São Paulo (capital),atacado,8,2008,313.19
Gala,São Paulo (capital),atacado,8,2009,479.66
Gala,São Paulo (capital),atacado,8,2010,504.51
Gala,São Paulo (capital),atacado,8,2011,542.27
Gala,São Paulo (capital),atacado,8,2012,773.73
Gala,São Paulo (capital),atacado,8,2013,921.6
Gala,São Paulo (capital),atacado,8,2014,753.67
Gala,São Paulo (capital),atacado,8,2015,429.15
Gala,São Paulo (capital),atacado,8,2016,666.17
Gala,São Paulo (capital),atacado,8,2017,520.7
Gala,São Paulo (capital),atacado,8,2018,613.68
Gala,São Paulo (capital),atacado,8,2019,617.75
Gala,São Paulo (capital),atacado,8,2020,841.92
Gala,São Paulo (capital),atacado,8,2021,598.73
Gala,São Paulo (capital),atacado,8,2022,930.0
Gala,São Paulo (capital),atacado,8,2023,404.33000000000004
Gala,São Paulo (capital),atacado,9,2008,350.65
Gala,São Paulo (capital),atacado,9,2009,487.06
Gala,São Paulo (capital),atacado,9,2010,664.91
Gala,São Paulo (capital),atacado,9,2011,749.77
Gala,São Paulo (capital),atacado,9,2012,678.16
Gala,São Paulo (capital),atacado,9,2013,919.12
Gala,São Paulo (capital),atacado,9,2014,776.92
Gala,São Paulo (capital),atacado,9,2015,434.6
Gala,São Paulo (capital),atacado,9,2016,793.91
Gala,São Paulo (capital),atacado,9,2017,432.94
Gala,São Paulo (capital),atacado,9,2018,528.16
Gala,São Paulo (capital),atacado,9,2019,551.75
Gala,São Paulo (capital),atacado,9,2020,477.5
Gala,São Paulo (capital),atacado,9,2021,595.5699999999999
Gala,São Paulo (capital),atacado,9,2022,1168.75
Gala,São Paulo (capital),atacado,9,2023,556.6600000000001
Gala,São Paulo (capital),atacado,10,2008,460.38
Gala,São Paulo (capital),atacado,10,2009,646.47
Gala,São Paulo (capital),atacado,10,2010,617.22
Gala,São Paulo (capital),atacado,10,2011,655.7
Gala,São Paulo (capital),atacado,10,2012,730.95
Gala,São Paulo (capital),atacado,10,2013,1035.92
Gala,São Paulo (capital),atacado,10,2014,889.67
Gala,São Paulo (capital),atacado,10,2015,737.0
Gala,São Paulo (capital),atacado,10,2016,643.25
Gala,São Paulo (capital),atacado,10,2017,447.33
Gala,São Paulo (capital),atacado,10,2018,535.33
Gala,São Paulo (capital),atacado,10,2019,777.26
Gala,São Paulo (capital),atacado,10,2020,969.26
Gala,São Paulo (capital),atacado,10,2021,606.77
Gala,São Paulo (capital),atacado,10,2022,932.33
Gala,São Paulo (capital),atacado,10,2023,580.0
Gala,São Paulo (capital),atacado,11,2007,267.83
Gala,São Paulo (capital),atacado,11,2008,422.94
Gala,São Paulo (capital),atacado,11,2009,569.16
Gala,São Paulo (capital),atacado,11,2010,698.13
Gala,São Paulo (capital),atacado,11,2011,668.31
Gala,São Paulo (capital),atacado,11,2012,989.11
Gala,São Paulo (capital),atacado,11,2013,819.0
Gala,São Paulo (capital),atacado,11,2014,799.05
Gala,São Paulo (capital),atacado,11,2015,588.0
Gala,São Paulo (capital),atacado,11,2016,603.5
Gala,São Paulo (capital),atacado,11,2017,473.68
Gala,São Paulo (capital),atacado,11,2018,499.25
Gala,São Paulo (capital),atacado,11,2019,530.51
Gala,São Paulo (capital),atacado,11,2020,975.91
Gala,São Paulo (capital),atacado,11,2021,619.34
Gala,São Paulo (capital),atacado,11,2022,1010.84
Gala,São Paulo (capital),atacado,11,2023,756.68
Gala,São Paulo (capital),atacado,12,2007,439.67
Gala,São Paulo (capital),atacado,12,2008,345.75
Gala,São Paulo (capital),atacado,12,2009,162.5
Gala,São Paulo (capital),atacado,12,2010,344.42
Gala,São Paulo (capital),atacado,12,2011,331.0
Gala,São Paulo (capital),atacado,12,2012,659.5
Gala,São Paulo (capital),atacado,12,2013,259.5
Gala,São Paulo (capital),atacado,12,2014,672.5
Gala,São Paulo (capital),atacado,12,2015,962.5
Gala,São Paulo (capital),atacado,12,2016,90.0
Gala,São Paulo (capital),atacado,12,2017,467.0
Gala,São Paulo (capital),atacado,12,2019,457.33
Gala,São Paulo (capital),atacado,12,2020,794.16
Gala,São Paulo (capital),atacado,12,2021,782.02
Gala,São Paulo (capital),atacado,12,2022,924.3399999999999
Gala,São Paulo (capital),atacado,12,2023,310.0
Gala,Vacaria,atacado,12,2017,55.0
Gala,Vacaria,produtor,1,2008,114.1
Gala,Vacaria,produtor,1,2009,135.0
Gala,Vacaria,produtor,1,2010,249.58
Gala,Vacaria,produtor,1,2011,397.84000000000003
Gala,Vacaria,produtor,1,2012,410.67
Gala,Vacaria,produtor,1,2013,600.84
Gala,Vacaria,produtor,1,2014,576.0
Gala,Vacaria,produtor,1,2015,726.84
Gala,Vacaria,produtor,1,2016,571.0
Gala,Vacaria,produtor,1,2017,274.0
Gala,Vacaria,produtor,1,2018,202.67000000000002
Gala,Vacaria,produtor,1,2019,832.0
Gala,Vacaria,produtor,1,2020,155.05
Gala,Vacaria,produtor,1,2021,678.3399999999999
Gala,Vacaria,produtor,1,2022,570.75
Gala,Vacaria,produtor,2,2008,189.6
Gala,Vacaria,produtor,2,2009,214.94
Gala,Vacaria,produtor,2,2010,329.18
Gala,Vacaria,produtor,2,2011,432.22
Gala,Vacaria,produtor,2,2012,446.13
Gala,Vacaria,produtor,2,2013,501.73
Gala,Vacaria,produtor,2,2014,749.65
Gala,Vacaria,produtor,2,2015,483.90999999999997
Gala,Vacaria,produtor,2,2016,874.0
Gala,Vacaria,produtor,2,2017,856.11
Gala,Vacaria,produtor,2,2018,712.6
Gala,Vacaria,produtor,2,2019,756.49
Gala,Vacaria,produtor,2,2020,897.0
Gala,Vacaria,produtor,2,2021,632.17
Gala,Vacaria,produtor,2,2022,676.33
Gala,Vacaria,produtor,2,2023,884.33
Gala,Vacaria,produtor,3,2008,148.25
Gala,Vacaria,produtor,3,2009,296.61
Gala,Vacaria,produtor,3,2010,421.28
Gala,Vacaria,produtor,3,2011,501.68
Gala,Vacaria,produtor,3,2012,551.5
Gala,Vacaria,produtor,3,2013,607.33
Gala,Vacaria,produtor,3,2014,633.76
Gala,Vacaria,produtor,3,2015,530.78
Gala,Vacaria,produtor,3,2016,1044.38
Gala,Vacaria,produtor,3,2017,838.42
Gala,Vacaria,produtor,3,2018,672.16
Gala,Vacaria,produtor,3,2019,825.96
Gala,Vacaria,produtor,3,2020,1027.3
Gala,Vacaria,produtor,3,2021,322.68
Gala,Vacaria,produtor,3,2022,835.58
Gala,Vacaria,produtor,3,2023,775.16
Gala,Vacaria,produtor,4,2008,259.75
Gala,Vacaria,produtor,4,2009,487.94
Gala,Vacaria,produtor,4,2010,339.75
Gala,Vacaria,produtor,4,2011,411.5
Gala,Vacaria,produtor,4,2012,449.03
Gala,Vacaria,produtor,4,2013,622.16
Gala,Vacaria,produtor,4,2014,659.45
Gala,Vacaria,produtor,4,2015,696.5
Gala,Vacaria,produtor,4,2016,1333.92
Gala,Vacaria,produtor,4,2017,554.8
Gala,Vacaria,produtor,4,2018,610.41
Gala,Vacaria,produtor,4,2019,780.13
Gala,Vacaria,produtor,4,2020,1202.95
Gala,Vacaria,produtor,4,2021,390.6
Gala,Vacaria,produtor,4,2022,658.42
Gala,Vacaria,produtor,4,2023,676.34
Gala,Vacaria,produtor,5,2008,234.75
Gala,Vacaria,produtor,5,2009,374.19
Gala,Vacaria,produtor,5,2010,314.3
Gala,Vacaria,produtor,5,2011,417.37
Gala,Vacaria,produtor,5,2012,467.34
Gala,Vacaria,produtor,5,2013,761.11
Gala,Vacaria,produtor,5,2014,814.16
Gala,Vacaria,produtor,5,2015,624.51
Gala,Vacaria,produtor,5,2016,1117.76
Gala,Vacaria,produtor,5,2017,591.14
Gala,Vacaria,produtor,5,2018,540.92
Gala,Vacaria,produtor,5,2019,920.02
Gala,Vacaria,produtor,5,2020,967.96
Gala,Vacaria,produtor,5,2021,517.07
Gala,Vacaria,produtor,5,2022,693.33
Gala,Vacaria,produtor,5,2023,735.67
Gala,Vacaria,produtor,6,2008,242.63
Gala,Vacaria,produtor,6,2009,383.84
Gala,Vacaria,produtor,6,2010,356.57
Gala,Vacaria,produtor,6,2011,539.02
Gala,Vacaria,produtor,6,2012,617.24
Gala,Vacaria,produtor,6,2013,639.49
Gala,Vacaria,produtor,6,2014,639.42
Gala,Vacaria,produtor,6,2015,668.83
Gala,Vacaria,produtor,6,2016,1396.82
Gala,Vacaria,produtor,6,2017,652.91
Gala,Vacaria,produtor,6,2018,825.51
Gala,Vacaria,produtor,6,2019,839.94
Gala,Vacaria,produtor,6,2020,644.75
Gala,Vacaria,produtor,6,2021,861.01
Gala,Vacaria,produtor,6,2022,863.75
Gala,Vacaria,produtor,6,2023,974.5
Gala,Vacaria,produtor,7,2008,291.17
Gala,Vacaria,produtor,7,2009,486.96
Gala,Vacaria,produtor,7,2010,480.43
Gala,Vacaria,produtor,7,2011,469.15
Gala,Vacaria,produtor,7,2012,531.54
Gala,Vacaria,produtor,7,2013,671.83
Gala,Vacaria,produtor,7,2014,788.91
Gala,Vacaria,produtor,7,2015,842.33
Gala,Vacaria,produtor,7,2016,1112.26
Gala,Vacaria,produtor,7,2017,696.6
Gala,Vacaria,produtor,7,2018,550.8
Gala,Vacaria,produtor,7,2019,846.37
Gala,Vacaria,produtor,7,2020,901.7
Gala,Vacaria,produtor,7,2021,780.95
Gala,Vacaria,produtor,7,2022,744.5
Gala,Vacaria,produtor,7,2023,795.33
Gala,Vacaria,produtor,8,2008,262.9
Gala,Vacaria,produtor,8,2009,412.77
Gala,Vacaria,produtor,8,2010,412.15
Gala,Vacaria,produtor,8,2011,502.71000000000004
Gala,Vacaria,produtor,8,2012,707.36
Gala,Vacaria,produtor,8,2013,922.76
Gala,Vacaria,produtor,8,2014,625.81
Gala,Vacaria,produtor,8,2015,689.09
Gala,Vacaria,produtor,8,2016,1099.17
Gala,Vacaria,produtor,8,2017,782.57
Gala,Vacaria,produtor,8,2018,1051.77
Gala,Vacaria,produtor,8,2019,1093.26
Gala,Vacaria,produtor,8,2020,703.74
Gala,Vacaria,produtor,8,2021,505.90999999999997
Gala,Vacaria,produtor,8,2022,826.67
Gala,Vacaria,produtor,8,2023,1056.83
Gala,Vacaria,produtor,9,2008,292.17
Gala,Vacaria,produtor,9,2009,433.62
Gala,Vacaria,produtor,9,2010,589.85
Gala,Vacaria,produtor,9,2011,654.62
Gala,Vacaria,produtor,9,2012,618.48
Gala,Vacaria,produtor,9,2013,812.85
Gala,Vacaria,produtor,9,2014,643.71
Gala,Vacaria,produtor,9,2015,733.83
Gala,Vacaria,produtor,9,2016,1331.46
Gala,Vacaria,produtor,9,2017,687.42
Gala,Vacaria,produtor,9,2018,783.5
Gala,Vacaria,produtor,9,2019,893.86
Gala,Vacaria,produtor,9,2020,718.0
Gala,Vacaria,produtor,9,2021,635.26
Gala,Vacaria,produtor,9,2022,1027.67
Gala,Vacaria,produtor,9,2023,890.34
Gala,Vacaria,produtor,10,2008,386.24
Gala,Vacaria,produtor,10,2009,632.38
Gala,Vacaria,produtor,10,2010,553.45
Gala,Vacaria,produtor,10,2011,561.75
Gala,Vacaria,produtor,10,2012,675.92
Gala,Vacaria,produtor,10,2013,1034.42
Gala,Vacaria,produtor,10,2014,794.68
Gala,Vacaria,produtor,10,2015,1081.33
Gala,Vacaria,produtor,10,2016,1113.58
Gala,Vacaria,produtor,10,2017,710.98
Gala,Vacaria,produtor,10,2018,909.1
Gala,Vacaria,produtor,10,2019,1171.5
Gala,Vacaria,produtor,10,2020,932.24
Gala,Vacaria,produtor,10,2021,500.63
Gala,Vacaria,produtor,10,2022,835.17
Gala,Vacaria,produtor,10,2023,915.3199999999999
Gala,Vacaria,produtor,11,2008,242.0
Gala,Vacaria,produtor,11,2009,278.25
Gala,Vacaria,produtor,11,2010,604.49
Gala,Vacaria,produtor,11,2011,595.84
Gala,Vacaria,produtor,11,2012,889.09
Gala,Vacaria,produtor,11,2013,938.17
Gala,Vacaria,produtor,11,2014,723.07
Gala,Vacaria,produtor,11,2015,1033.0
Gala,Vacaria,produtor,11,2016,1112.18
Gala,Vacaria,produtor,11,2017,769.75
Gala,Vacaria,produtor,11,2018,1198.67
Gala,Vacaria,produtor,11,2019,988.72
Gala,Vacaria,produtor,11,2020,1104.17
Gala,Vacaria,produtor,11,2021,491.07
Gala,Vacaria,produtor,11,2022,905.5
Gala,Vacaria,produtor,11,2023,1145.0
Gala,Vacaria,produtor,12,2010,160.0
Gala,Vacaria,produtor,12,2011,313.0
Gala,Vacaria,produtor,12,2012,745.7
Gala,Vacaria,produtor,12,2013,946.25
Gala,Vacaria,produtor,12,2014,732.05
Gala,Vacaria,produtor,12,2015,551.33
Gala,Vacaria,produtor,12,2016,577.5
Gala,Vacaria,produtor,12,2017,779.0
Gala,Vacaria,produtor,12,2018,805.93
Gala,Vacaria,produtor,12,2019,765.32
Gala,Vacaria,produtor,12,2020,874.87
Gala,Vacaria,produtor,12,2021,574.24
Gala,Vacaria,produtor,12,2022,750.0
Gala,Vacaria,produtor,12,2023,458.0
Red,São Paulo (capital),atacado,1,2008,152.25
Red,São Paulo (capital),atacado,1,2009,265.17
Red,São Paulo (capital),atacado,1,2010,235.82999999999998
Red,São Paulo (capital),atacado,1,2011,249.82999999999998
Red,São Paulo (capital),atacado,1,2012,306.65999999999997
Red,São Paulo (capital),atacado,1,2013,407.03
Red,São Paulo (capital),atacado,1,2014,449.17
Red,São Paulo (capital),atacado,1,2015,363.5
Red,São Paulo (capital),atacado,1,2016,205.0
Red,São Paulo (capital),atacado,1,2019,697.5
Red,São Paulo (capital),atacado,1,2020,382.5
Red,São Paulo (capital),atacado,2,2008,320.83
Red,São Paulo (capital),atacado,2,2009,304.17
Red,São Paulo (capital),atacado,2,2010,268.75
Red,São Paulo (capital),atacado,2,2011,253.67000000000002
Red,São Paulo (capital),atacado,2,2012,578.0
Red,São Paulo (capital),atacado,2,2013,385.84000000000003
Red,São Paulo (capital),atacado,2,2014,266.5
Red,São Paulo (capital),atacado,2,2015,372.5
Red,São Paulo (capital),atacado,2,2017,180.0
Red,São Paulo (capital),atacado,2,2018,196.5
Red,São Paulo (capital),atacado,2,2019,161.67
Red,São Paulo (capital),atacado,2,2020,441.66
Red,São Paulo (capital),atacado,2,2023,175.0
Red,São Paulo (capital),atacado,3,2008,236.17000000000002
Red,São Paulo (capital),atacado,3,2009,253.75
Red,São Paulo (capital),atacado,3,2010,231.67000000000002
Red,São Paulo (capital),atacado,3,2011,352.67
Red,São Paulo (capital),atacado,3,2012,520.0
Red,São Paulo (capital),atacado,3,2013,432.42
Red,São Paulo (capital),atacado,3,2014,507.5
Red,São Paulo (capital),atacado,3,2015,977.0
Red,São Paulo (capital),atacado,3,2016,113.33
Red,São Paulo (capital),atacado,3,2018,200.0
Red,São Paulo (capital),atacado,3,2020,351.67
Red,São Paulo (capital),atacado,4,2008,284.15999999999997
Red,São Paulo (capital),atacado,4,2009,298.33
Red,São Paulo (capital),atacado,4,2010,217.5
Red,São Paulo (capital),atacado,4,2011,223.32999999999998
Red,São Paulo (capital),atacado,4,2012,285.93
Red,São Paulo (capital),atacado,4,2013,419.92
Red,São Paulo (capital),atacado,4,2014,409.33
Red,São Paulo (capital),atacado,4,2015,700.83
Red,São Paulo (capital),atacado,4,2016,1417.92
Red,São Paulo (capital),atacado,4,2018,103.33
Red,São Paulo (capital),atacado,4,2020,120.0
Red,São Paulo (capital),atacado,4,2021,145.0
Red,São Paulo (capital),atacado,5,2008,242.5
Red,São Paulo (capital),atacado,5,2009,227.5
Red,São Paulo (capital),atacado,5,2010,423.15
Red,São Paulo (capital),atacado,5,2011,201.92000000000002
Red,São Paulo (capital),atacado,5,2012,227.93
Red,São Paulo (capital),atacado,5,2013,735.5
Red,São Paulo (capital),atacado,5,2014,730.83
Red,São Paulo (capital),atacado,5,2015,631.92
Red,São Paulo (capital),atacado,5,2016,726.83
Red,São Paulo (capital),atacado,5,2018,408.75
Red,São Paulo (capital),atacado,5,2019,277.17
Red,São Paulo (capital),atacado,5,2020,835.42
Red,São Paulo (capital),atacado,5,2023,465.0
Red,São Paulo (capital),atacado,6,2008,227.75
Red,São Paulo (capital),atacado,6,2009,425.0
Red,São Paulo (capital),atacado,6,2010,395.0
Red,São Paulo (capital),atacado,6,2011,476.67
Red,São Paulo (capital),atacado,6,2012,494.33
Red,São Paulo (capital),atacado,6,2013,542.81
Red,São Paulo (capital),atacado,6,2014,566.0
Red,São Paulo (capital),atacado,6,2015,617.5
Red,São Paulo (capital),atacado,6,2016,1123.83
Red,São Paulo (capital),atacado,6,2017,167.5
Red,São Paulo (capital),atacado,6,2018,105.0
Red,São Paulo (capital),atacado,6,2019,99.0
Red,São Paulo (capital),atacado,6,2020,565.83
Red,São Paulo (capital),atacado,6,2023,680.0
Red,São Paulo (capital),atacado,7,2008,265.83
Red,São Paulo (capital),atacado,7,2009,420.67
Red,São Paulo (capital),atacado,7,2010,486.1
Red,São Paulo (capital),atacado,7,2011,305.2
Red,São Paulo (capital),atacado,7,2012,487.08
Red,São Paulo (capital),atacado,7,2013,487.5
Red,São Paulo (capital),atacado,7,2014,454.83
Red,São Paulo (capital),atacado,7,2015,588.0
Red,São Paulo (capital),atacado,7,2016,493.75
Red,São Paulo (capital),atacado,7,2017,612.17
Red,São Paulo (capital),atacado,7,2018,640.0
Red,São Paulo (capital),atacado,7,2019,185.0
Red,São Paulo (capital),atacado,7,2020,596.67
Red,São Paulo (capital),atacado,7,2021,137.5
Red,São Paulo (capital),atacado,7,2023,177.5
Red,São Paulo (capital),atacado,8,2008,206.92000000000002
Red,São Paulo (capital),atacado,8,2009,392.84000000000003
Red,São Paulo (capital),atacado,8,2010,393.2
Red,São Paulo (capital),atacado,8,2011,308.29
Red,São Paulo (capital),atacado,8,2012,569.24
Red,São Paulo (capital),atacado,8,2013,735.41
Red,São Paulo (capital),atacado,8,2014,527.84
Red,São Paulo (capital),atacado,8,2015,346.67
Red,São Paulo (capital),atacado,8,2016,282.5
Red,São Paulo (capital),atacado,8,2017,542.59
Red,São Paulo (capital),atacado,8,2018,705.41
Red,São Paulo (capital),atacado,8,2019,658.75
Red,São Paulo (capital),atacado,8,2020,781.08
Red,São Paulo (capital),atacado,8,2022,138.33
Red,São Paulo (capital),atacado,9,2008,329.83
Red,São Paulo (capital),atacado,9,2009,379.34000000000003
Red,São Paulo (capital),atacado,9,2010,480.84000000000003
Red,São Paulo (capital),atacado,9,2011,389.96
Red,São Paulo (capital),atacado,9,2012,344.57
Red,São Paulo (capital),atacado,9,2013,618.33
Red,São Paulo (capital),atacado,9,2014,463.5
Red,São Paulo (capital),atacado,9,2015,455.0
Red,São Paulo (capital),atacado,9,2016,463.75
Red,São Paulo (capital),atacado,9,2017,757.29
Red,São Paulo (capital),atacado,9,2018,1020.01
Red,São Paulo (capital),atacado,9,2019,765.5
Red,São Paulo (capital),atacado,9,2020,887.5
Red,São Paulo (capital),atacado,9,2022,143.75
Red,São Paulo (capital),atacado,10,2008,594.33
Red,São Paulo (capital),atacado,10,2009,381.01
Red,São Paulo (capital),atacado,10,2010,352.92
Red,São Paulo (capital),atacado,10,2011,363.44
Red,São Paulo (capital),atacado,10,2012,366.0
Red,São Paulo (capital),atacado,10,2013,766.5
Red,São Paulo (capital),atacado,10,2014,575.52
Red,São Paulo (capital),atacado,10,2015,596.66
Red,São Paulo (capital),atacado,10,2016,298.33
Red,São Paulo (capital),atacado,10,2017,768.58
Red,São Paulo (capital),atacado,10,2018,704.75
Red,São Paulo (capital),atacado,10,2019,819.92
Red,São Paulo (capital),atacado,10,2020,398.33000000000004
Red,São Paulo (capital),atacado,11,2007,196.17000000000002
Red,São Paulo (capital),atacado,11,2008,481.92
Red,São Paulo (capital),atacado,11,2009,221.67000000000002
Red,São Paulo (capital),atacado,11,2010,368.68
Red,São Paulo (capital),atacado,11,2011,208.6
Red,São Paulo (capital),atacado,11,2012,403.67
Red,São Paulo (capital),atacado,11,2013,591.25
Red,São Paulo (capital),atacado,11,2014,575.77
Red,São Paulo (capital),atacado,11,2015,380.0
Red,São Paulo (capital),atacado,11,2016,377.5
Red,São Paulo (capital),atacado,11,2017,777.08
Red,São Paulo (capital),atacado,11,2018,698.0
Red,São Paulo (capital),atacado,11,2019,367.5
Red,São Paulo (capital),atacado,12,2007,186.0
Red,São Paulo (capital),atacado,12,2008,532.51
Red,São Paulo (capital),atacado,12,2009,281.25
Red,São Paulo (capital),atacado,12,2010,420.61
Red,São Paulo (capital),atacado,12,2011,300.29
Red,São Paulo (capital),atacado,12,2012,316.0
Red,São Paulo (capital),atacado,12,2013,542.08
Red,São Paulo (capital),atacado,12,2014,611.17
Red,São Paulo (capital),atacado,12,2015,390.17
Red,São Paulo (capital),atacado,12,2016,463.34000000000003
Red,São Paulo (capital),atacado,12,2017,377.92
Red,São Paulo (capital),atacado,12,2018,407.5
Red,São Paulo (capital),atacado,12,2019,280.0
Red,São Paulo (capital),atacado,12,2022,202.5
Red,São Paulo (capital),atacado,12,2023,455.0
